age,sex,bone,bone-marrow,lung,pleura,peritoneum,liver,brain,skin,neck,supraclavicular,axillar,mediastinum,abdominal,class
30-59,male,True,False,False,False,False,False,False,False,False,False,False,False,False,0
>=60,female,False,False,False,False,False,False,False,False,False,False,False,True,True,1
30-59,female,False,False,False,True,False,False,False,False,False,False,False,False,False,0
30-59,male,True,False,False,False,False,False,False,False,False,False,False,False,False,1
30-59,female,False,False,False,True,True,False,False,False,False,True,False,False,False,0
30-59,male,False,False,False,False,True,False,False,False,False,False,False,False,False,0
30-59,female,True,False,False,True,False,False,False,True,True,True,True,True,False,0
>=60,female,False,True,False,False,True,False,False,False,False,False,False,False,True,0
30-59,male,False,False,True,False,False,False,False,False,True,True,True,True,False,0
30-59,male,False,False,False,False,True,False,True,True,False,False,False,True,True,1
30-59,male,False,False,False,False,False,False,False,False,True,True,False,False,False,0
30-59,female,False,False,False,False,False,False,False,False,False,True,False,False,False,0
30-59,male,False,False,False,False,False,True,False,False,False,True,False,False,False,0
>=60,female,False,False,False,False,False,True,False,False,False,False,False,True,True,1
>=60,female,False,False,False,False,False,True,False,False,False,False,False,False,True,0
30-59,male,False,False,False,True,True,False,False,False,False,False,False,True,True,1
30-59,male,True,False,True,False,False,False,True,False,False,False,False,True,False,0
<30,male,False,False,False,False,True,True,False,False,False,False,False,False,False,0
>=60,female,False,False,True,False,False,True,False,False,False,False,False,True,True,0
>=60,female,False,False,False,False,False,False,False,False,False,True,True,False,False,0
30-59,male,True,False,False,False,False,False,False,False,False,False,False,False,False,0
30-59,male,True,False,False,True,True,False,False,False,True,True,False,False,False,0
30-59,female,True,False,False,True,False,False,False,False,False,False,False,False,False,0
30-59,male,True,False,True,True,False,True,False,False,False,False,False,True,True,1
30-59,male,True,False,False,False,False,False,False,False,False,False,False,False,False,0
>=60,male,False,False,False,False,False,True,False,True,False,False,False,False,False,0
>=60,female,True,False,True,True,False,True,False,False,False,False,False,True,True,0
30-59,male,False,False,False,False,False,False,True,False,False,False,False,False,False,1
>=60,male,False,False,False,False,False,False,False,False,True,False,False,False,False,0
>=60,female,False,False,False,False,False,True,False,False,False,False,False,False,False,0
<30,female,True,True,False,False,True,False,False,False,False,False,False,False,False,0
30-59,male,True,False,False,False,False,True,False,False,False,False,False,True,False,1
30-59,female,False,False,False,False,True,False,False,True,False,False,False,False,False,0
30-59,female,True,False,False,False,False,False,False,False,False,False,False,False,False,1
>=60,female,False,False,True,False,False,False,False,False,False,False,False,False,False,0
30-59,female,False,False,False,False,False,False,False,False,True,False,False,False,False,0
>=60,female,False,False,True,False,False,True,False,False,False,False,False,True,True,0
30-59,male,False,False,True,True,False,False,False,False,False,False,False,False,False,0
>=60,female,False,False,True,False,False,True,False,False,False,False,False,False,True,0
30-59,female,False,False,False,False,True,False,False,False,False,False,False,False,False,0
30-59,male,False,False,False,False,False,False,True,False,False,False,False,False,True,0
30-59,male,False,False,False,False,False,False,False,True,False,False,False,False,False,1
30-59,male,True,False,False,False,False,False,False,False,False,False,False,False,False,0
>=60,female,False,False,True,False,True,True,False,False,False,False,False,False,True,0
>=60,female,False,False,False,False,False,True,False,False,False,False,False,False,True,0
30-59,female,False,False,False,False,True,False,False,False,False,False,False,False,False,0
>=60,male,False,False,False,False,True,False,False,False,False,False,False,False,False,0
30-59,female,False,False,True,True,True,True,False,True,False,False,False,True,True,1
30-59,female,True,False,True,False,False,False,False,False,False,False,False,False,False,0
>=60,female,False,False,False,False,False,True,False,False,False,False,False,False,False,0
>=60,male,False,False,False,False,False,False,False,False,True,False,False,False,False,0
>=60,male,False,False,False,False,False,False,False,False,False,False,False,False,True,0
>=60,male,False,False,False,False,True,False,False,False,False,False,False,False,True,0
30-59,female,True,False,False,False,False,False,False,False,False,False,True,False,False,0
30-59,female,True,False,False,False,False,False,False,False,True,False,False,False,False,0
>=60,female,False,False,False,True,True,False,True,False,False,False,False,False,True,0
30-59,female,True,False,False,False,False,False,False,True,True,False,False,False,False,0
>=60,male,False,False,False,False,False,True,False,False,False,False,False,False,True,0
30-59,female,True,False,False,True,False,False,False,False,False,True,True,True,True,0
>=60,male,False,False,False,True,True,False,False,False,True,False,False,True,True,0
30-59,female,False,False,False,False,False,True,False,False,False,False,False,False,False,0
>=60,male,False,False,False,False,False,False,False,False,True,False,False,False,False,0
>=60,female,False,False,True,False,False,True,True,False,False,True,False,True,False,1
30-59,male,True,False,False,False,False,False,False,False,False,False,False,False,True,0
>=60,male,False,False,True,False,True,True,False,False,False,False,False,False,True,0
>=60,male,True,False,False,False,False,False,False,False,False,False,False,True,False,1
30-59,female,False,False,True,False,False,False,False,False,False,False,False,False,False,0
>=60,male,False,False,False,True,True,False,False,False,False,False,False,True,True,1
<30,male,True,True,True,False,False,True,True,False,False,False,True,True,True,0
>=60,female,False,False,False,False,False,False,False,False,False,True,False,False,False,0
<30,male,False,False,False,False,False,False,False,False,False,True,False,False,False,0
<30,female,True,False,False,False,False,False,True,False,False,True,True,True,False,1
30-59,male,False,False,False,False,True,True,False,False,False,False,False,False,True,0
30-59,male,False,False,False,False,False,False,False,False,True,True,False,True,True,1
>=60,female,True,False,False,False,False,False,False,False,False,False,False,False,True,0
30-59,male,False,False,True,False,False,True,False,False,False,False,False,True,True,1
